gRNA	Gene_ID_Targeted	Replicate	cocktail	TPM_targeted_gene_in_sample	FoldChange	log2FC	eff	geneName	Guide.Score	quartiles	index	effQuartile	myQuart_1	myQuart_2
M100	ENSDARG00000070471	2	cocktail_algorithm_1	128.17	0.5275	0.923	1.9	tarbp2	0.164	2	M100_cocktail_algorithm_1	Q3	Q2	Q3
M101	ENSDARG00000070618	1	cocktail_algorithm_1	94.575	0.5315	1.0825	2.39	tatdn2	0.452	3	M101_cocktail_algorithm_1	Q3	Q3	Q4
M103	ENSDARG00000010779	2	cocktail_algorithm_4	20.85	0.3375	1.57	2.98	tlk2	0.417	3	M103_cocktail_algorithm_4	Q3	Q3	Q3
M104	ENSDARG00000074554	2	cocktail_algorithm_4	25.66	0.2495	2.015	4.055	tspan31	0.0672	1	M104_cocktail_algorithm_4	Q4	Q1	Q2
M105	ENSDARG00000056414	1	cocktail_algorithm_4	22.485	0.144	2.805	7.02	usp1	0.459	3	M105_cocktail_algorithm_4	Q4	Q3	Q4
M107	ENSDARG00000057249	1	cocktail_algorithm_7	20.16	0.782	0.39145	1.345	zmynd11	0.073	1	M107_cocktail_algorithm_7	Q2	Q1	Q2
M108	ENSDARG00000015292	2	cocktail_algorithm_7	78.77	0.262	1.945	3.86	ube2g1a	0.444	3	M108_cocktail_algorithm_7	Q4	Q3	Q4
M109	ENSDARG00000100854	2	cocktail_algorithm_7	47.94	0.5165	1.057	2.235	ago4	0.101	1	M109_cocktail_algorithm_7	Q3	Q2	Q2
M111	ENSDARG00000011597	2	cocktail_algorithm_1	61.07	0.763	0.4115	1.35	atxn2l	0.0761	1	M111_cocktail_algorithm_1	Q2	Q1	Q2
M112	ENSDARG00000016904	1	cocktail_algorithm_1	125.18	0.4295	1.22	2.33	bckdk	0.0992	1	M112_cocktail_algorithm_1	Q3	Q2	Q2
M113	ENSDARG00000099148	1	cocktail_algorithm_1	937.3	0.6005	0.736	1.67	bzw1b	0.0657	1	M113_cocktail_algorithm_1	Q2	Q1	Q2
M115	ENSDARG00000031427	1	cocktail_algorithm_4	60.81	0.6935	0.535	1.455	calm2a	0.179	2	M115_cocktail_algorithm_4	Q2	Q3	Q3
M116	ENSDARG00000075543	2	cocktail_algorithm_4	14.315	0.7115	0.4965	1.415	chd8	0.22	2	M116_cocktail_algorithm_4	Q2	Q3	Q3
M117	ENSDARG00000090788	1	cocktail_algorithm_4	14.135	0.0482	4.48	23.95	cstf2	0.152	1	M117_cocktail_algorithm_4	Q4	Q2	Q3
M119	ENSDARG00000015111	1	cocktail_algorithm_7	541.66	0.258	1.965	3.93	ddx39ab	0.634	4	M119_cocktail_algorithm_7	Q4	Q4	Q4
M120	ENSDARG00000020573	1	cocktail_algorithm_7	26.45	0.286	1.81	3.51	ddx3xa	0.108	1	M120_cocktail_algorithm_7	Q4	Q2	Q2
M121	ENSDARG00000005774	2	cocktail_algorithm_7	213.29	0.7365	0.484	1.44	ddx3xb	0.0441	1	M121_cocktail_algorithm_7	Q2	Q1	Q1
M123	ENSDARG00000041203	1	cocktail_algorithm_1	101.295	0.182	2.465	5.57	drap1	0.0498	1	M123_cocktail_algorithm_1	Q4	Q1	Q1
M124	ENSDARG00000063417	1	cocktail_algorithm_1	54.715	0.468	1.109	2.175	erf	0.29	2	M124_cocktail_algorithm_1	Q3	Q3	Q3
M125	ENSDARG00000068820	1	cocktail_algorithm_1	751.365	0.4525	1.163	2.27	h2az2a	0.177	2	M125_cocktail_algorithm_1	Q3	Q3	Q3
M127	ENSDARG00000014591	1	cocktail_algorithm_4	248.93	0.207	2.275	4.865	ilf2	0.115	1	M127_cocktail_algorithm_4	Q4	Q2	Q3
M128	ENSDARG00000062267	1	cocktail_algorithm_4	36.7	0.3595	1.545	3.06	kdm3b	0.241	2	M128_cocktail_algorithm_4	Q3	Q3	Q3
M129	ENSDARG00000070151	1	cocktail_algorithm_4	57.96	0.4845	1.062	2.11	nfyc	0.843	4	M129_cocktail_algorithm_4	Q3	Q4	Q4
M131	ENSDARG00000019797	2	cocktail_algorithm_7	19.03	0.08035	3.735	14.145	qrich1	0.194	2	M131_cocktail_algorithm_7	Q4	Q3	Q3
M132	ENSDARG00000020841	1	cocktail_algorithm_7	283.05	0.871	0.201	1.155	rbm7	0.0537	1	M132_cocktail_algorithm_7	Q1	Q1	Q1
M133	ENSDARG00000040607	1	cocktail_algorithm_7	67.21	0.737	0.4635	1.4	rtf2	0.986	4	M133_cocktail_algorithm_7	Q2	Q4	Q4
M135	ENSDARG00000026540	2	cocktail_algorithm_2	167.72	0.7195	0.4745	1.39	ppp4r2a	0.61	4	M135_cocktail_algorithm_2	Q2	Q3	Q4
M136	ENSDARG00000058452	1	cocktail_algorithm_2	80.8	1	-0.795	1	abhd17c	0.136	1	M136_cocktail_algorithm_2	Q1	Q2	Q3
M137	ENSDARG00000053155	1	cocktail_algorithm_2	49.305	0.3465	1.525	2.88	alg3	0.819	4	M137_cocktail_algorithm_2	Q3	Q4	Q4
M138	ENSDARG00000061587	1	cocktail_algorithm_2	19.4	0.513	0.963	1.95	ctdspl2a	0.778	4	M138_cocktail_algorithm_2	Q3	Q4	Q4
M139	ENSDARG00000089646	2	cocktail_algorithm_5	20.905	0.1465	2.8	7.095	ctdspl3	0.063	1	M139_cocktail_algorithm_5	Q4	Q1	Q1
M140	ENSDARG00000054334	1	cocktail_algorithm_5	238.795	0.5435	0.8885	1.86	dctpp1	0.121	1	M140_cocktail_algorithm_5	Q2	Q2	Q3
M141	ENSDARG00000035282	1	cocktail_algorithm_5	170.41	0.495	1.023	2.04	emc6	0.217	2	M141_cocktail_algorithm_5	Q3	Q3	Q3
M142	ENSDARG00000057676	1	cocktail_algorithm_5	794.6	0.972	-0.37315	1.03	golga7	0.0925	1	M142_cocktail_algorithm_5	Q1	Q2	Q2
M143	ENSDARG00000071583	2	cocktail_algorithm_8	369.15	1	-0.316	1	gtf3ab	0.167	2	M143_cocktail_algorithm_8	Q1	Q2	Q3
M144	ENSDARG00000036482	2	cocktail_algorithm_8	115.12	1	-0.16035	1	hexim1	0.196	2	M144_cocktail_algorithm_8	Q1	Q3	Q3
M146	ENSDARG00000078133	2	cocktail_algorithm_8	26.83	0.4785	1.1495	2.355	kdm2ab	0.938	4	M146_cocktail_algorithm_8	Q3	Q4	Q4
M147	ENSDARG00000044299	1	cocktail_algorithm_2	260.835	0.5705	0.812	1.76	lmnb1	0.0708	1	M147_cocktail_algorithm_2	Q2	Q1	Q2
M148	ENSDARG00000006600	1	cocktail_algorithm_2	93.77	0.495	1.0205	2.035	lsm14aa	0.0749	1	M148_cocktail_algorithm_2	Q3	Q1	Q2
M149	ENSDARG00000041072	2	cocktail_algorithm_2	130.645	1	-0.379	1	mier1a	0.89	4	M149_cocktail_algorithm_2	Q1	Q4	Q4
M151	ENSDARG00000006003	1	cocktail_algorithm_5	335.285	0.6735	0.571	1.485	mycla	0.239	2	M151_cocktail_algorithm_5	Q2	Q3	Q3
M152	ENSDARG00000024109	1	cocktail_algorithm_5	96.345	0.183	2.45	5.47	naa40	0.1	1	M152_cocktail_algorithm_5	Q4	Q2	Q2
M153	ENSDARG00000001621	1	cocktail_algorithm_5	73.58	0.8115	0.302	1.235	nfyal	0.256	2	M153_cocktail_algorithm_5	Q2	Q3	Q3
M155	ENSDARG00000087996	2	cocktail_algorithm_8	312.62	0.946	0.08075	1.06	pabpn1l	0.0673	1	M155_cocktail_algorithm_8	Q1	Q1	Q2
M156	ENSDARG00000030753	1	cocktail_algorithm_8	46	0.6585	0.6035	1.52	prrg4	0.0711	1	M156_cocktail_algorithm_8	Q2	Q1	Q2
M157	ENSDARG00000075421	1	cocktail_algorithm_8	200.915	0.332	1.595	3.015	pttg1	0.968	4	M157_cocktail_algorithm_8	Q3	Q4	Q4
M159	ENSDARG00000070131	2	cocktail_algorithm_2	18.035	0.2845	1.835	3.64	rpp25l	0.627	4	M159_cocktail_algorithm_2	Q4	Q4	Q4
M160	ENSDARG00000099021	1	cocktail_algorithm_2	46.425	0.667	0.5905	1.515	setdb1b	0.212	2	M160_cocktail_algorithm_2	Q2	Q3	Q3
M161	ENSDARG00000060390	1	cocktail_algorithm_2	77.965	1	-0.19185	1	stk26	0.108	1	M161_cocktail_algorithm_2	Q1	Q2	Q2
M163	ENSDARG00000026723	2	cocktail_algorithm_5	188.775	0.9525	0.05985	1.05	syncripl	0.0563	1	M163_cocktail_algorithm_5	Q1	Q1	Q1
M164	ENSDARG00000052536	1	cocktail_algorithm_5	232.28	0.841	0.251	1.19	tia1	0.242	2	M164_cocktail_algorithm_5	Q1	Q3	Q3
M165	ENSDARG00000003017	1	cocktail_algorithm_5	227.505	1	-0.6765	1	ube2al	0.22	2	M165_cocktail_algorithm_5	Q1	Q3	Q3
M167	ENSDARG00000062506	1	cocktail_algorithm_8	44.86	0.456	1.2215	2.48	zc3h18	0.292	2	M167_cocktail_algorithm_8	Q3	Q3	Q3
M168	ENSDARG00000021086	2	cocktail_algorithm_8	38.505	1	-0.8215	1	znf367	0.0555	1	M168_cocktail_algorithm_8	Q1	Q1	Q1
M169	ENSDARG00000060113	1	cocktail_algorithm_8	322.76	0.656	0.608	1.52	znf395a	0.0572	1	M169_cocktail_algorithm_8	Q2	Q1	Q1
M171	ENSDARG00000014898	1	cocktail_algorithm_2	124.84	0.3645	1.465	2.78	ncbp2	0.134	1	M171_cocktail_algorithm_2	Q3	Q2	Q3
M172	ENSDARG00000098739	1	cocktail_algorithm_2	4104.555	1	-2.44	1	h2af1al	0.257	2	M172_cocktail_algorithm_2	Q1	Q3	Q3
M173	ENSDARG00000006038	1	cocktail_algorithm_2	71.12	0.8395	0.259	1.2	aebp2	0.497	3	M173_cocktail_algorithm_2	Q2	Q3	Q4
M175	ENSDARG00000076659	1	cocktail_algorithm_5	73.75	0.392	1.355	2.56	cdca7b	0.0758	1	M175_cocktail_algorithm_5	Q3	Q1	Q2
M176	ENSDARG00000011493	1	cocktail_algorithm_5	19.85	0.92	0.071	1.095	dcun1d3	0.276	2	M176_cocktail_algorithm_5	Q1	Q3	Q3
M177	ENSDARG00000041896	2	cocktail_algorithm_5	92.55	1	-0.2461	1	dnajc5ga	0.122	1	M177_cocktail_algorithm_5	Q1	Q2	Q3
M179	ENSDARG00000102892	1	cocktail_algorithm_8	155.16	0.448	1.155	2.235	h1m	0.237	2	M179_cocktail_algorithm_8	Q3	Q3	Q3
M180	ENSDARG00000015990	2	cocktail_algorithm_8	22.765	0.312	1.68	3.205	hcfc1a	0.909	4	M180_cocktail_algorithm_8	Q4	Q4	Q4
M181	ENSDARG00000019103	1	cocktail_algorithm_8	13.255	0.84	0.2595	1.205	kdm4ab	0.689	4	M181_cocktail_algorithm_8	Q2	Q4	Q4
M183	ENSDARG00000012141	1	cocktail_algorithm_2	60.915	0.3495	1.525	2.91	papolg	0.0655	1	M183_cocktail_algorithm_2	Q3	Q1	Q2
M184	ENSDARG00000029045	1	cocktail_algorithm_2	31.965	0.7655	0.3985	1.325	peli2	0.0865	1	M184_cocktail_algorithm_2	Q2	Q2	Q2
M185	ENSDARG00000053447	2	cocktail_algorithm_2	249.745	1	-0.0842	1	ppp4r2b	0.943	4	M185_cocktail_algorithm_2	Q1	Q4	Q4
M187	ENSDARG00000042147	1	cocktail_algorithm_5	10.565	0.157	2.705	6.655	rbbp5	0.972	4	M187_cocktail_algorithm_5	Q4	Q4	Q4
M188	ENSDARG00000006395	1	cocktail_algorithm_5	10.28	0.1023	3.31	10.05	rbm25b	0.16	1	M188_cocktail_algorithm_5	Q4	Q2	Q3
M189	ENSDARG00000016867	1	cocktail_algorithm_5	148.285	1	-0.643	1	rnf128a	0.0628	1	M189_cocktail_algorithm_5	Q1	Q1	Q1
M191	ENSDARG00000016871	2	cocktail_algorithm_8	102.31	0.5995	0.754	1.705	smarce1	0.134	1	M191_cocktail_algorithm_8	Q2	Q2	Q3
M192	ENSDARG00000016086	1	cocktail_algorithm_8	14.61	0.625	0.6845	1.61	smurf1	0.069	1	M192_cocktail_algorithm_8	Q2	Q1	Q2
M193	ENSDARG00000008395	1	cocktail_algorithm_8	47.175	0.717	0.493	1.42	snupn	0.145	1	M193_cocktail_algorithm_8	Q2	Q2	Q3
M195	ENSDARG00000070256	1	cocktail_algorithm_2	96.71	1	-0.8225	1	suz12a	0.0671	1	M195_cocktail_algorithm_2	Q1	Q1	Q2
M196	ENSDARG00000070471	1	cocktail_algorithm_2	60.91	0.2505	1.995	3.99	tarbp2	0.666	4	M196_cocktail_algorithm_2	Q4	Q4	Q4
M197	ENSDARG00000070618	2	cocktail_algorithm_2	101.85	0.5725	0.806	1.75	tatdn2	0.0929	1	M197_cocktail_algorithm_2	Q2	Q2	Q2
M199	ENSDARG00000010779	1	cocktail_algorithm_5	38.18	0.619	0.696	1.625	tlk2	0.0471	1	M199_cocktail_algorithm_5	Q2	Q1	Q1
M200	ENSDARG00000074554	2	cocktail_algorithm_5	45.21	0.4395	1.19	2.275	tspan31	0.154	1	M200_cocktail_algorithm_5	Q3	Q2	Q3
M201	ENSDARG00000056414	2	cocktail_algorithm_5	26.125	0.167	2.58	6.005	usp1	0.246	2	M201_cocktail_algorithm_5	Q4	Q3	Q3
M203	ENSDARG00000057249	1	cocktail_algorithm_8	33.72	1	-0.3715	1	zmynd11	0.0629	1	M203_cocktail_algorithm_8	Q1	Q1	Q1
M204	ENSDARG00000015292	1	cocktail_algorithm_8	153.845	0.511	0.972	1.96	ube2g1a	0.879	4	M204_cocktail_algorithm_8	Q3	Q4	Q4
M205	ENSDARG00000100854	1	cocktail_algorithm_8	10.13	0.109	3.195	9.165	ago4	0.0929	1	M205_cocktail_algorithm_8	Q4	Q2	Q2
M207	ENSDARG00000011597	1	cocktail_algorithm_2	60.585	0.757	0.412	1.34	atxn2l	0.645	4	M207_cocktail_algorithm_2	Q2	Q4	Q4
M208	ENSDARG00000016904	2	cocktail_algorithm_2	18.91	0.0649	4.08	18.5	bckdk	0.166	2	M208_cocktail_algorithm_2	Q4	Q2	Q3
M209	ENSDARG00000099148	2	cocktail_algorithm_2	909.39	0.5825	0.7805	1.72	bzw1b	0.105	1	M209_cocktail_algorithm_2	Q2	Q2	Q2
M211	ENSDARG00000031427	1	cocktail_algorithm_5	80.735	0.9205	0.124475	1.095	calm2a	0.538	3	M211_cocktail_algorithm_5	Q1	Q3	Q4
M212	ENSDARG00000075543	1	cocktail_algorithm_5	17.56	0.8725	0.1965	1.15	chd8	0.0801	1	M212_cocktail_algorithm_5	Q1	Q2	Q2
M213	ENSDARG00000090788	1	cocktail_algorithm_5	122.035	0.416	1.265	2.415	cstf2	0.919	4	M213_cocktail_algorithm_5	Q3	Q4	Q4
M215	ENSDARG00000015111	1	cocktail_algorithm_8	1518.99	0.7235	0.4665	1.385	ddx39ab	0.386	3	M215_cocktail_algorithm_8	Q2	Q3	Q3
M216	ENSDARG00000020573	2	cocktail_algorithm_8	51.22	0.554	0.8935	1.91	ddx3xa	0.705	4	M216_cocktail_algorithm_8	Q3	Q4	Q4
M217	ENSDARG00000005774	2	cocktail_algorithm_8	124.415	0.4295	1.2555	2.455	ddx3xb	0.181	2	M217_cocktail_algorithm_8	Q3	Q3	Q3
M219	ENSDARG00000041203	2	cocktail_algorithm_2	187.41	0.337	1.575	2.98	drap1	0.0875	1	M219_cocktail_algorithm_2	Q3	Q2	Q2
M220	ENSDARG00000063417	1	cocktail_algorithm_2	50.17	0.4295	1.225	2.34	erf	0.993	4	M220_cocktail_algorithm_2	Q3	Q4	Q4
M221	ENSDARG00000068820	1	cocktail_algorithm_2	963.195	0.58	0.786	1.725	h2az2a	0.0624	1	M221_cocktail_algorithm_2	Q2	Q1	Q1
M223	ENSDARG00000014591	2	cocktail_algorithm_5	387.065	0.322	1.64	3.13	ilf2	0.407	3	M223_cocktail_algorithm_5	Q4	Q3	Q3
M224	ENSDARG00000062267	2	cocktail_algorithm_5	42.885	0.4195	1.265	2.425	kdm3b	0.0696	1	M224_cocktail_algorithm_5	Q3	Q1	Q2
M225	ENSDARG00000070151	2	cocktail_algorithm_5	30.89	0.2585	1.96	3.9	nfyc	0.317	2	M225_cocktail_algorithm_5	Q4	Q3	Q3
M227	ENSDARG00000019797	1	cocktail_algorithm_8	149.705	0.6305	0.675	1.61	qrich1	0.137	1	M227_cocktail_algorithm_8	Q2	Q2	Q3
M228	ENSDARG00000020841	2	cocktail_algorithm_8	37.785	0.1165	3.105	8.615	rbm7	0.0611	1	M228_cocktail_algorithm_8	Q4	Q1	Q1
M229	ENSDARG00000040607	1	cocktail_algorithm_8	113.55	0.9745	-0.27415	1.025	rtf2	0.618	4	M229_cocktail_algorithm_8	Q1	Q3	Q4
M231	ENSDARG00000026540	2	cocktail_algorithm_3	43.315	0.1855	2.475	5.76	ppp4r2a	0.113	1	M231_cocktail_algorithm_3	Q4	Q2	Q3
M232	ENSDARG00000058452	1	cocktail_algorithm_3	13.055	0.28	1.93	4.08	abhd17c	0.957	4	M232_cocktail_algorithm_3	Q4	Q4	Q4
M233	ENSDARG00000053155	1	cocktail_algorithm_3	132.65	0.933	0.10115	1.07	alg3	0.0981	1	M233_cocktail_algorithm_3	Q1	Q2	Q2
M234	ENSDARG00000061587	1	cocktail_algorithm_3	19.94	0.527	0.9675	2.01	ctdspl2a	0.357	3	M234_cocktail_algorithm_3	Q3	Q3	Q3
M235	ENSDARG00000089646	1	cocktail_algorithm_6	122.89	0.8605	0.2165	1.16	ctdspl3	0.977	4	M235_cocktail_algorithm_6	Q1	Q4	Q4
M236	ENSDARG00000054334	1	cocktail_algorithm_6	87.19	0.1985	2.39	5.455	dctpp1	0.162	2	M236_cocktail_algorithm_6	Q4	Q2	Q3
M237	ENSDARG00000035282	2	cocktail_algorithm_6	445.285	1	-0.371	1	emc6	0.0392	1	M237_cocktail_algorithm_6	Q1	Q1	Q1
M238	ENSDARG00000057676	2	cocktail_algorithm_6	301.82	0.5165	0.955	1.945	golga7	0.0707	1	M238_cocktail_algorithm_6	Q3	Q1	Q2
M244	ENSDARG00000006600	1	cocktail_algorithm_3	68.17	0.3595	1.48	2.805	lsm14aa	0.145	1	M244_cocktail_algorithm_3	Q3	Q2	Q3
M245	ENSDARG00000041072	1	cocktail_algorithm_3	23.58	0.2345	2.09	4.255	mier1a	0.932	4	M245_cocktail_algorithm_3	Q4	Q4	Q4
M248	ENSDARG00000024109	2	cocktail_algorithm_6	322.865	0.6125	0.708	1.635	naa40	0.193	2	M248_cocktail_algorithm_6	Q2	Q3	Q3
M249	ENSDARG00000001621	1	cocktail_algorithm_6	66.63	0.735	0.467	1.405	nfyal	0.357	3	M249_cocktail_algorithm_6	Q2	Q3	Q3
M255	ENSDARG00000070131	2	cocktail_algorithm_3	40.885	0.646	0.637	1.56	rpp25l	0.922	4	M255_cocktail_algorithm_3	Q2	Q4	Q4
M256	ENSDARG00000099021	2	cocktail_algorithm_3	19.285	0.2775	1.88	3.75	setdb1b	0.0772	1	M256_cocktail_algorithm_3	Q4	Q1	Q2
M257	ENSDARG00000060390	2	cocktail_algorithm_3	15.605	0.2295	2.155	4.555	stk26	0.844	4	M257_cocktail_algorithm_3	Q4	Q4	Q4
M259	ENSDARG00000026723	1	cocktail_algorithm_6	242.97	1	-0.307	1	syncripl	0.0494	1	M259_cocktail_algorithm_6	Q1	Q1	Q1
M260	ENSDARG00000052536	1	cocktail_algorithm_6	276.29	0.994	-9e-04	1.005	tia1	0.0678	1	M260_cocktail_algorithm_6	Q1	Q1	Q2
M261	ENSDARG00000003017	2	cocktail_algorithm_6	142.575	0.993	-0.0044	1.005	ube2al	0.948	4	M261_cocktail_algorithm_6	Q1	Q4	Q4
M267	ENSDARG00000014898	1	cocktail_algorithm_3	113.445	0.3315	1.615	3.11	ncbp2	0.548	3	M267_cocktail_algorithm_3	Q3	Q3	Q4
M268	ENSDARG00000098739	1	cocktail_algorithm_3	1806.465	1	-1.201	1	h2af1al	0.0545	1	M268_cocktail_algorithm_3	Q1	Q1	Q1
M269	ENSDARG00000006038	1	cocktail_algorithm_3	65.62	0.774	0.41385	1.375	aebp2	0.0964	1	M269_cocktail_algorithm_3	Q2	Q2	Q2
M271	ENSDARG00000076659	1	cocktail_algorithm_6	104.39	0.5545	0.852	1.805	cdca7b	0.757	4	M271_cocktail_algorithm_6	Q2	Q4	Q4
M272	ENSDARG00000011493	2	cocktail_algorithm_6	26.535	1	-0.34	1	dcun1d3	0.0798	1	M272_cocktail_algorithm_6	Q1	Q2	Q2
M273	ENSDARG00000041896	1	cocktail_algorithm_6	127.705	1	-0.714	1	dnajc5ga	0.658	4	M273_cocktail_algorithm_6	Q1	Q4	Q4
M279	ENSDARG00000012141	1	cocktail_algorithm_3	24.315	0.139	2.895	7.715	papolg	0.71	4	M279_cocktail_algorithm_3	Q4	Q4	Q4
M280	ENSDARG00000029045	2	cocktail_algorithm_3	9.1	0.2175	2.25	4.92	peli2	0.723	4	M280_cocktail_algorithm_3	Q4	Q4	Q4
M281	ENSDARG00000053447	1	cocktail_algorithm_3	248.875	0.9375	-0.058	1.07	ppp4r2b	0.0747	1	M281_cocktail_algorithm_3	Q1	Q1	Q2
M283	ENSDARG00000042147	1	cocktail_algorithm_6	73.385	1	-0.12345	1	rbbp5	0.0528	1	M283_cocktail_algorithm_6	Q1	Q1	Q1
M284	ENSDARG00000006395	1	cocktail_algorithm_6	61.525	0.612	0.7095	1.64	rbm25b	0.0969	1	M284_cocktail_algorithm_6	Q2	Q2	Q2
M285	ENSDARG00000016867	1	cocktail_algorithm_6	55.245	0.583	0.782	1.725	rnf128a	0.106	1	M285_cocktail_algorithm_6	Q2	Q2	Q2
M291	ENSDARG00000070256	1	cocktail_algorithm_3	29.31	0.537	0.898	1.865	suz12a	0.0919	1	M291_cocktail_algorithm_3	Q3	Q2	Q2
M292	ENSDARG00000070471	1	cocktail_algorithm_3	26.55	0.1095	3.195	9.155	tarbp2	0.892	4	M292_cocktail_algorithm_3	Q4	Q4	Q4
M293	ENSDARG00000070618	2	cocktail_algorithm_3	24.975	0.14	2.89	7.72	tatdn2	0.103	1	M293_cocktail_algorithm_3	Q4	Q2	Q2
M295	ENSDARG00000010779	1	cocktail_algorithm_6	43.925	0.712	0.49	1.405	tlk2	0.0564	1	M295_cocktail_algorithm_6	Q2	Q1	Q1
M296	ENSDARG00000074554	1	cocktail_algorithm_6	27.28	0.2655	1.915	3.78	tspan31	0.433	3	M296_cocktail_algorithm_6	Q4	Q3	Q4
M297	ENSDARG00000056414	1	cocktail_algorithm_6	18.58	0.11885	3.095	8.645	usp1	0.947	4	M297_cocktail_algorithm_6	Q4	Q4	Q4
M303	ENSDARG00000011597	1	cocktail_algorithm_3	32.345	0.404	1.464	3.08	atxn2l	0.0882	1	M303_cocktail_algorithm_3	Q3	Q2	Q2
M304	ENSDARG00000016904	2	cocktail_algorithm_3	15.555	0.0534	4.225	18.75	bckdk	0.0873	1	M304_cocktail_algorithm_3	Q4	Q2	Q2
M305	ENSDARG00000099148	1	cocktail_algorithm_3	510.38	0.327	1.615	3.07	bzw1b	0.15	1	M305_cocktail_algorithm_3	Q3	Q2	Q3
M307	ENSDARG00000031427	1	cocktail_algorithm_6	125.495	1	-0.514	1	calm2a	0.0871	1	M307_cocktail_algorithm_6	Q1	Q2	Q2
M308	ENSDARG00000075543	2	cocktail_algorithm_6	17.81	0.885	0.17835	1.135	chd8	0.105	1	M308_cocktail_algorithm_6	Q1	Q2	Q2
M309	ENSDARG00000090788	1	cocktail_algorithm_6	245.3	0.8365	0.258	1.195	cstf2	0.0644	1	M309_cocktail_algorithm_6	Q1	Q1	Q2
M315	ENSDARG00000041203	2	cocktail_algorithm_3	269.2	0.484	1.0525	2.08	drap1	0.362	3	M315_cocktail_algorithm_3	Q3	Q3	Q3
M316	ENSDARG00000063417	1	cocktail_algorithm_3	39.27	0.336	1.67	3.39	erf	0.206	2	M316_cocktail_algorithm_3	Q4	Q3	Q3
M317	ENSDARG00000068820	2	cocktail_algorithm_3	673.89	0.4055	1.32	2.545	h2az2a	0.0615	1	M317_cocktail_algorithm_3	Q3	Q1	Q1
M319	ENSDARG00000014591	1	cocktail_algorithm_6	796.095	0.6625	0.594	1.51	ilf2	0.266	2	M319_cocktail_algorithm_6	Q2	Q3	Q3
M320	ENSDARG00000062267	2	cocktail_algorithm_6	46.52	0.4555	1.1435	2.22	kdm3b	0.0618	1	M320_cocktail_algorithm_6	Q3	Q1	Q1
M321	ENSDARG00000070151	2	cocktail_algorithm_6	18.28	0.153	2.71	6.54	nfyc	0.349	3	M321_cocktail_algorithm_6	Q4	Q3	Q3
M39	ENSDARG00000026540	1	cocktail_algorithm_1	76.815	0.3295	1.62	3.115	ppp4r2a	0.994	4	M39_cocktail_algorithm_1	Q3	Q4	Q4
M40	ENSDARG00000058452	1	cocktail_algorithm_1	37.225	0.799	0.369585	1.335	abhd17c	0.786	4	M40_cocktail_algorithm_1	Q2	Q4	Q4
M41	ENSDARG00000053155	1	cocktail_algorithm_1	66.86	0.47	1.1055	2.17	alg3	0.813	4	M41_cocktail_algorithm_1	Q3	Q4	Q4
M43	ENSDARG00000089646	2	cocktail_algorithm_4	45.595	0.3195	1.65	3.15	ctdspl3	0.0538	1	M43_cocktail_algorithm_4	Q4	Q1	Q1
M44	ENSDARG00000054334	2	cocktail_algorithm_4	241.71	0.55	0.863	1.815	dctpp1	0.0721	1	M44_cocktail_algorithm_4	Q2	Q1	Q2
M45	ENSDARG00000035282	1	cocktail_algorithm_4	144.315	0.419	1.26	2.4	emc6	0.0668	1	M45_cocktail_algorithm_4	Q3	Q1	Q2
M46	ENSDARG00000057676	1	cocktail_algorithm_4	112.61	0.193	2.375	5.195	golga7	0.0737	1	M46_cocktail_algorithm_4	Q4	Q1	Q2
M47	ENSDARG00000071583	1	cocktail_algorithm_7	368.495	1	-0.309	1	gtf3ab	0.0577	1	M47_cocktail_algorithm_7	Q1	Q1	Q1
M48	ENSDARG00000036482	2	cocktail_algorithm_7	89.945	0.8755	0.1925	1.145	hexim1	0.724	4	M48_cocktail_algorithm_7	Q1	Q4	Q4
M49	ENSDARG00000058660	1	cocktail_algorithm_7	33.53	0.185	2.48	5.755	ilf3a	0.556	3	M49_cocktail_algorithm_7	Q4	Q3	Q4
M50	ENSDARG00000078133	2	cocktail_algorithm_7	19.08	0.34	1.57	3.005	kdm2ab	0.872	4	M50_cocktail_algorithm_7	Q3	Q4	Q4
M51	ENSDARG00000044299	2	cocktail_algorithm_1	175.12	0.383	1.385	2.615	lmnb1	0.065	1	M51_cocktail_algorithm_1	Q3	Q1	Q2
M52	ENSDARG00000006600	2	cocktail_algorithm_1	139.16	0.7345	0.446	1.365	lsm14aa	0.92	4	M52_cocktail_algorithm_1	Q2	Q4	Q4
M53	ENSDARG00000041072	1	cocktail_algorithm_1	48.72	0.4855	1.0485	2.08	mier1a	0.819	4	M53_cocktail_algorithm_1	Q3	Q4	Q4
M55	ENSDARG00000006003	2	cocktail_algorithm_4	462.41	0.9295	0.10605	1.075	mycla	0.0574	1	M55_cocktail_algorithm_4	Q1	Q1	Q1
M56	ENSDARG00000024109	1	cocktail_algorithm_4	146.6	0.278	1.85	3.595	naa40	0.124	1	M56_cocktail_algorithm_4	Q4	Q2	Q3
M57	ENSDARG00000001621	1	cocktail_algorithm_4	62.595	0.69	0.5385	1.455	nfyal	0.888	4	M57_cocktail_algorithm_4	Q2	Q4	Q4
M59	ENSDARG00000087996	2	cocktail_algorithm_7	282.565	0.855	0.226	1.17	pabpn1l	0.207	2	M59_cocktail_algorithm_7	Q1	Q3	Q3
M60	ENSDARG00000030753	1	cocktail_algorithm_7	61.545	0.881	0.18685	1.14	prrg4	0.09	1	M60_cocktail_algorithm_7	Q1	Q2	Q2
M61	ENSDARG00000075421	2	cocktail_algorithm_7	389.55	0.644	0.641	1.565	pttg1	0.129	1	M61_cocktail_algorithm_7	Q2	Q2	Q3
M63	ENSDARG00000070131	1	cocktail_algorithm_1	109.435	1	-0.7475	1	rpp25l	0.0556	1	M63_cocktail_algorithm_1	Q1	Q1	Q1
M64	ENSDARG00000099021	1	cocktail_algorithm_1	38.58	0.5545	0.9195	1.985	setdb1b	0.877	4	M64_cocktail_algorithm_1	Q3	Q4	Q4
M65	ENSDARG00000060390	2	cocktail_algorithm_1	39.4	0.58	0.788	1.73	stk26	0.864	4	M65_cocktail_algorithm_1	Q2	Q4	Q4
M67	ENSDARG00000026723	1	cocktail_algorithm_4	56.63	0.2885	1.795	3.475	syncripl	0.991	4	M67_cocktail_algorithm_4	Q4	Q4	Q4
M68	ENSDARG00000052536	1	cocktail_algorithm_4	18.685	0.06765	3.95	16.15	tia1	0.207	2	M68_cocktail_algorithm_4	Q4	Q3	Q3
M69	ENSDARG00000003017	1	cocktail_algorithm_4	269.66	1	-0.908	1	ube2al	0.0786	1	M69_cocktail_algorithm_4	Q1	Q2	Q2
M71	ENSDARG00000062506	1	cocktail_algorithm_7	28.655	0.291	1.84	3.715	zc3h18	0.246	2	M71_cocktail_algorithm_7	Q4	Q3	Q3
M72	ENSDARG00000021086	1	cocktail_algorithm_7	21.96	0.7825	0.1335	1.385	znf367	0.854	4	M72_cocktail_algorithm_7	Q2	Q4	Q4
M73	ENSDARG00000060113	1	cocktail_algorithm_7	360.99	0.734	0.448	1.365	znf395a	0.0905	1	M73_cocktail_algorithm_7	Q2	Q2	Q2
M75	ENSDARG00000014898	1	cocktail_algorithm_1	201.96	0.59	0.7675	1.71	ncbp2	0.285	2	M75_cocktail_algorithm_1	Q2	Q3	Q3
M76	ENSDARG00000098739	1	cocktail_algorithm_1	4797.1	1	-2.64	1	h2af1al	0.107	1	M76_cocktail_algorithm_1	Q1	Q2	Q2
M77	ENSDARG00000006038	1	cocktail_algorithm_1	31.575	0.3725	1.485	2.92	aebp2	0.0671	1	M77_cocktail_algorithm_1	Q3	Q1	Q2
M79	ENSDARG00000076659	1	cocktail_algorithm_4	9.455	0.0502	4.32	20	cdca7b	0.985	4	M79_cocktail_algorithm_4	Q4	Q4	Q4
M80	ENSDARG00000011493	1	cocktail_algorithm_4	20.355	0.935	0.0335	1.075	dcun1d3	0.0565	1	M80_cocktail_algorithm_4	Q1	Q1	Q1
M81	ENSDARG00000041896	2	cocktail_algorithm_4	48.325	0.624	0.6925	1.63	dnajc5ga	0.524	3	M81_cocktail_algorithm_4	Q2	Q3	Q4
M83	ENSDARG00000102892	1	cocktail_algorithm_7	316.745	0.9145	0.134065	1.105	h1m	0.431	3	M83_cocktail_algorithm_7	Q1	Q3	Q4
M84	ENSDARG00000015990	1	cocktail_algorithm_7	40.47	0.555	0.8705	1.865	hcfc1a	0.992	4	M84_cocktail_algorithm_7	Q3	Q4	Q4
M85	ENSDARG00000019103	2	cocktail_algorithm_7	13.89	0.88	0.1845	1.135	kdm4ab	0.834	4	M85_cocktail_algorithm_7	Q1	Q4	Q4
M87	ENSDARG00000012141	1	cocktail_algorithm_1	17.045	0.098	3.45	11.6	papolg	0.924	4	M87_cocktail_algorithm_1	Q4	Q4	Q4
M88	ENSDARG00000029045	2	cocktail_algorithm_1	21.21	0.5075	1.196	2.665	peli2	0.967	4	M88_cocktail_algorithm_1	Q3	Q4	Q4
M89	ENSDARG00000053447	1	cocktail_algorithm_1	52.675	0.2235	2.28	5.275	ppp4r2b	0.167	2	M89_cocktail_algorithm_1	Q4	Q2	Q3
M91	ENSDARG00000042147	1	cocktail_algorithm_4	21.12	0.3135	1.67	3.19	rbbp5	0.57	3	M91_cocktail_algorithm_4	Q4	Q3	Q4
M93	ENSDARG00000016867	1	cocktail_algorithm_4	21.215	0.2235	2.175	4.56	rnf128a	0.768	4	M93_cocktail_algorithm_4	Q4	Q4	Q4
M95	ENSDARG00000016871	2	cocktail_algorithm_7	109.285	0.6405	0.648	1.575	smarce1	0.0665	1	M95_cocktail_algorithm_7	Q2	Q1	Q2
M96	ENSDARG00000016086	2	cocktail_algorithm_7	19.74	0.844	0.252	1.195	smurf1	0.114	1	M96_cocktail_algorithm_7	Q2	Q2	Q3
M97	ENSDARG00000008395	1	cocktail_algorithm_7	56.05	0.852	0.238	1.18	snupn	0.245	2	M97_cocktail_algorithm_7	Q1	Q3	Q3
M99	ENSDARG00000070256	1	cocktail_algorithm_1	71.34	1	-0.3765	1	suz12a	0.0502	1	M99_cocktail_algorithm_1	Q1	Q1	Q1
